subreddit,subscribers,active_users,status
AdaIndonesiaCoy,9274,,ok
Airdropsultan_IND,182,,ok
aku_ddn,3539,,ok
AlamatkanSaya,40,,ok
anjing,9,,ok
awkarir,182,,ok
AyundaRisu,837,,ok
bacabuku,199,,ok
BadutBucin,275,,ok
bali,465476,,ok
Balikpapan,7,,ok
BaliTravelTips,20159,,ok
BandarLampung,55,,ok
Bandung,5446,,ok
Banjarmasin,6,,ok
Batak,91,,ok
batik,235,,ok
Benang,11,,ok
Bengkulu,13,,ok
bestofID,1031,,ok
bisaland,657,,ok
bokepindoplus,,,http_404
BuddhismIndonesia,158,,ok
bukanposronda,2908,,ok
cdid,48,,ok
cekrek,45377,,ok
ceritaindah,,,http_451
cerpen,100,,ok
CoffeeID,22,,ok
CollapseIndonesia,101,,ok
CurhatDonk,28,,ok
cursedindomie,14,,ok
daster,,,http_404
dblcinema,48,,ok
diaspora_id,89,,ok
dioramaid,22,,ok
DIYogyakarta,252,,ok
duniaberita,2,,ok
EnemiMetal,,,ok
EnoBening,3052,,ok
finansial,137023,,ok
fucklippo,660,,ok
fucktribune,324,,ok
gadjahmada,160,,ok
GameDevsIndonesia,26,,ok
Gamelan,599,,ok
GamerMobileIndonesia,56,,ok
GAMERS_ID,138,,ok
gelapindonesia,322,,ok
giliislands,484,,ok
golang_id,28,,ok
GrabTranslation,200,,ok
GudangGue,79,,ok
hotindos,222,,ok
idiotdijalanan,1446,,ok
indo,,,http_403
indoaachener,4,,ok
indobiz,43,,ok
indocartalk,6071,,ok
IndoExMuslim,856,,ok
indofemboy,2037,,ok
IndoFilms,2827,,ok
IndoFinance,737,,ok
IndoFlicks,109,,ok
indogamer,13258,,ok
IndoGamerPals,15,,ok
indogirls,,,http_404
indogonewild,,,http_451
indohallyu,22,,ok
indoindie,186,,ok
IndoJAVHentaiNSFW,1415,,ok
indoleaked,,,http_404
IndoLGBT,276,,ok
indolostmedia,4666,,ok
Indomototalk,69,,ok
indomusic,625,,ok
indonesia_gadis_AI,263,,ok
indonesiabebas,8408,,ok
indonesiacerah,,,http_404
indonesiaemas,,,http_404
IndonesiaExpats,145,,ok
IndonesiaFunny,264,,ok
indonesiagelap,2,,ok
indonesiakaya,,,http_404
IndonesiaLiveScene,64,,ok
IndonesiaMaju,67,,ok
Indonesiamiskin,,,http_403
indonesian,15626,,ok
IndonesianCoffee,84,,ok
IndonesianExMuslim,386,,ok
indonesianfood,520,,ok
IndonesianGIRLS,2142,,ok
IndonesianGirlsFap,,,http_404
indonesiangirlsonly,100642,,ok
Indonesianlord,24,,ok
IndonesianNSFW,,,http_404
Indonesianporn,545,,ok
indonesiansfw,,,http_404
Indonesianshemales,,,http_403
orangutan,18166,,ok
padang,4,,ok
palembang,10,,ok
panendividen,1831,,ok
pantattruk,416,,ok
Pasundan,10,,ok
PBI_Official,30,,ok
pedulijiwaID,58,,ok
pencaksilat,198,,ok
Pengangguran,529,,ok
perempuan,6068,,ok
PersibBandung,28,,ok
pisang,93,,ok
place_indomie,15,,ok
PolitikIndo,83,,ok
prabowo,2,,ok
pria,1946,,ok
PsikologiIndonesia,64,,ok
r4rindonesia,2718,,ok
RajaAmpat,189,,ok
rakitpc,35,,ok
rezaauditore,,,http_451
RisetIndonesia,2114,,ok
S3Marketing,18,,ok
sahamAS,1782,,ok
salintempel,3172,,ok
Samarinda,21,,ok
SastraIndonesia,1,,ok
Sderhana,6,,ok
sehat,1968,,ok
sejarah,109,,ok
sellerdongo,144,,ok
SepakBolaIndonesia,10,,ok
simulatorkeluarga,,,http_404
SiskaeeeXXX,,,http_404
smean,1530,,ok
sobatgalbay,4,,ok
sudirmanbets,,,http_404
sudutpandangyaya,,,ok
Sulawesi,26,,ok
sulawesishrimp,866,,ok
sumatra,14,,ok
sumatratravel,24,,ok
Sunda,5,,ok
surabaya,1121,,ok
Tempeh,5315,,ok
the_bowo,32,,ok
TheChurchOfIndomie,56,,ok
tiktok_indonesia,233,,ok
tiktokhotindo,1182,,ok
timpateks,4,,ok
TodayILearnedID,121,,ok
togeproductions,66,,ok
TwitchIndonesia,206,,ok
universitasindonesia,151,,ok
UnivTerbuka,27,,ok
UiDMod,36,,ok
viruscovid19,36,,ok
westpapua,819,,ok
whooshHSR,70,,ok
WkwkwkLand,53436,,ok
writestreakindonesian,222,,ok
2indonesia4u,116,,ok
3DPrintID,47,,ok
indonesiansingermany,1,,ok
indonesiapaspasan,57,,ok
IndonesiaPics,4372,,ok
Indonesias,196,,ok
IndonesiaSwinger,,,http_404
indonesigirlonly,,,http_404
IndoNightLife,,,http_404
indoparenting,624,,ok
Indopeopletwitter,32,,ok
IndoRiders,855,,ok
indotech,37518,,ok
indotiktokhotties,,,http_404
indowibu,9736,,ok
itb,12,,ok
ITBandung,58,,ok
Jabodetabek,2,,ok
Jakarta,9640,,ok
JakartaDefaultism,39,,ok
jalanjalan,24,,ok
Javanese,441,,ok
jerman,158,,ok
jilboob,2162,,ok
jogja,224,,ok
jualbeliindonesia,32923,,ok
JudiSaham,12918,,ok
karir,2318,,ok
kendaraan,182,,ok
komododragons,966,,ok
Kontol_Indo,,,http_451
kucing,4011,,ok
kulineria,18075,,ok
Lahelu,17,,ok
libertarianindonesia,10,,ok
lndonesia,25,,ok
Lombok,737,,ok
MahastudentPlayground,6,,ok
Makassar,40,,ok
malang,205,,ok
Manado,52,,ok
MapsWithHalfIndonesia,54,,ok
MapsWithoutIndonesia,502,,ok
mataram,1,,ok
MBGIndonesia,78,,ok
Medan,140,,ok
MedanID,47,,ok
migoreng,188,,ok
MuseumInternetIndo,5,,ok
musikindonesia,38,,ok
MWIDI,30,,ok
Nanggroe,13,,ok
naughtynusantara,,,http_451
negriwakanda,507,,ok
Ngentot_Indo,,,http_404
ngeteh,1170,,ok
NoPrabowo,119,,ok
NusaLembongan,193,,ok
Nusantara,91,,ok
NusantaraRaya,404,,ok
nyanfm,32,,ok
OkeKawanGoblok,203,,ok
okkawanbodoh,47,,ok
OlympTradeIndonesia,110,,ok
ondonesia,766,,ok
OOOBTC_Indonesia,72,,ok
OrangIndo,271,,ok
