subreddit,subscribers,active_users,created_utc,description,status
AdaIndonesiaCoy,9394,,2023-01-02T22:35:38+07:00,"When anything about Indonesia pops up in foreign media, we say, ""ADA INDONESIA COY!""",ok
Airdropsultan_IND,184,,2022-10-25T12:08:03+07:00,"Airdrop Sultan menyediakan informasi garapan Airdrop terbaru, jadi jangan lupa untuk pin channel Airdrop Sultan Indonesia.
 
DM @Adefebrianft for promotion 

Join Grup Diskusi : @AirdropSultanID
Channel YT : https://youtube.com/c/AdeFebrian",ok
aku_ddn,3542,,2018-01-04T01:09:24+07:00,"potret diri, cerminan jiwa",ok
AlamatkanSaya,43,,2026-03-13T18:27:19+07:00,the address me meme but it's in indonesian,ok
anjing,10,,2023-07-11T11:23:27+07:00,peranjingan/per·an·jing·an/ n segala sesuatu yang berkaitan dengan anjing,ok
awkarir,186,,2020-10-19T22:24:43+07:00,"Diskusi, berita dan pertanyaan segala macam tentang karir. underconstruction.",ok
AyundaRisu,844,,2020-10-03T18:48:19+07:00,"A subreddit dedicated to our favorite hololive ID squirrel Ayunda Risu.
Tags: holoID, hololive Indonesia, Prisuners, Risuners",ok
bacabuku,204,,2022-01-12T10:43:35+07:00,,ok
BadutBucin,276,,2022-01-30T12:35:56+07:00,Tempat sesama 🤡 berbagi cerita,ok
bali,465585,,2009-02-05T13:36:34+07:00,"Bali, Indonesia: Local news, tourism discussions, everything Bali!",ok
Balikpapan,8,,2022-09-10T11:33:33+07:00,"Diskusi aja cess tentang bpp dsni, inpoh inpoh lah, ku gk tau mo ngapain",ok
BaliTravelTips,20208,,2022-06-19T10:28:12+07:00,"Learn How To Travel Bali and Indonesia, Hear Unique Travel Stories and Places To Travel in Bali, Best Travel Destinations In Bali, Learn the Best Travel Tips and Travel Ideas from the Community!",ok
BandarLampung,56,,2015-01-17T16:04:19+07:00,Welcome to Bandar Lampung subreddit,ok
Bandung,5467,,2011-10-24T13:47:02+07:00,"Wilujeng Sumping sadayana!

Silahkan berdikusi atau menanyakan segala sesuatu yang berkenaan dengan Bandung.",ok
Banjarmasin,6,,2022-05-04T21:53:54+07:00,,ok
Batak,92,,2017-07-12T21:00:01+07:00,"This subreddit tend to use as a community for all bataknese etnic around the world.  
Batak are one of biggest etnic in Indonesia. Many bataknese young generation didn't know much about their etnic, so this community will be the place to share and ask about the etnic.  ",ok
batik,235,,2009-10-12T23:04:35+07:00,,ok
Benang,11,,2025-09-03T12:47:01+07:00,"Kumpulan pengrajin benang di Indonesia.

Komunitas ini dibuat untuk berbagi ide, tips, dan karya-karya yang berhubungan dengan kerajinan benang. Antara lain; crochet, knitting/rajut, embroidery/bordir, cross-stitch, sewing/jahit, tenun/weave, dan lain-lain.",ok
Bengkulu,13,,2011-12-19T15:36:43+07:00,,ok
bestofID,1032,,2021-06-10T22:56:45+07:00,The very best comments on reddit as submitted by komodos.,ok
bisaland,658,,2022-10-20T15:05:26+07:00,boleh jika bisa,ok
bokepindoplus,,,,,http_404
BuddhismIndonesia,160,,2026-01-24T13:37:15+07:00,"[ID] Namo Buddhaya 🙏 Selamat datang di subreddit r/BuddhismIndonesia - komunitas ini bertujuan untuk menjadi sarana bagi kita semua untuk berdiskusi, belajar, dan berbagi berita tentang Buddha Dharma.
---------

[EN] Namo Buddhaya 🙏 Welcome to the r/BuddhismIndonesia subreddit - this community has the purpose of being a place for all of us to discuss, learn, and share news about the Buddha Dharma.",ok
bukanposronda,2910,,2016-06-03T17:07:38+07:00,For Indonesian news that's feel so ridiculous you will think it came from Pos Ronda.,ok
cdid,48,,2024-06-02T08:08:48+07:00,Car Driving Indonesia on Roblox,ok
cekrek,45464,,2020-01-06T23:28:18+07:00,"Komunitas fotografi/videografi Indonesia untuk share foto, video, skill, rekomendasi gear, rekomendasi jual/beli gear bekas, kritik foto, edit RAW dan diskusi fotografi. r/indonesia official photography subreddit, feel free to share your photos and videos here!",ok
ceritaindah,,,,,http_451
cerpen,100,,2014-07-29T20:04:20+07:00,,ok
CoffeeID,23,,2025-01-25T01:15:56+07:00,Unity in Diversity,ok
CollapseIndonesia,102,,2024-01-22T00:35:29+07:00,"Dedicated to in-depth discussion of collapse event, news, and ethical dilemmas of the ongoing sixth mass extinction specific to the Indonesian region.",ok
CurhatDonk,31,,2026-04-21T09:05:17+07:00,"Tempatnya bagi kalian yang lagi stress atau punya unek2 yang ingin di ungkapkan. Ingat, depresi rasanya gak enak!!!",ok
cursedindomie,14,,2019-08-11T20:39:50+07:00,,ok
daster,,,,,http_404
dblcinema,48,,2018-10-23T21:29:51+07:00,Nonton Film Subtitle Indonesia di dblcinema.com Bioskop Online Indonesia tempat nonton film dan tv series barat india korea jepang dan negara lainya lengkap subtitle indonesia gratis.,ok
diaspora_id,90,,2021-04-16T22:50:36+07:00,"Tempat berkumpul, sharing dan bertanya untuk para diaspora Indonesia ataupun yang ingin menjadi diaspora Indonesia (semacam /r/IWantOut + /r/IGotOut tetapi khusus orang Indonesia)",ok
dioramaid,22,,2025-01-13T16:09:03+07:00,"Diorama.id is gaming, tech, and pop culture media based in Indonesia. Powered by Indonesian national media, Suara Merdeka.",ok
DIYogyakarta,255,,2023-04-29T18:50:35+07:00,"Sugeng rawuh! This subreddit is for anyone who interested in learning about or sharing information related to the cultural, historical, and natural wonders of Yogyakarta.

ꦪꦺꦴꦒꦾꦏꦂꦠꦶꦱ꧀ꦠꦶꦩꦺꦮ!",ok
duniaberita,2,,2022-07-14T05:43:10+07:00,"Selamat Datang di sub r/duniaberita. Komunitas hal-hal dan berita di ASEAN, Asia-Pasifik, dan dunia",ok
EnemiMetal,,,,,ok
EnoBening,3054,,2021-04-17T22:30:16+07:00,Official Reddit community submission for Eno Bening's subscribers,ok
finansial,137193,,2019-11-26T17:14:17+07:00,"Diskusi, berita dan pertanyaan segala macam tentang perencanaan keuangan pribadi.
",ok
fucklippo,661,,2020-08-07T09:22:26+07:00,Fuck Lippo,ok
fucktribune,325,,2022-03-19T03:08:23+07:00,10 Fakta Tentang Tribun News Ini Akan Membuat Anda Tercengang! Berikut Penjelasannya.,ok
gadjahmada,162,,2022-12-05T07:54:01+07:00,"Universitas Gadjah Mada unofficial subreddit

""Merakyat, Mandiri, Berkelanjutan""

www.ugm.ac.id",ok
GameDevsIndonesia,30,,2025-07-31T15:35:40+07:00,"Sebagai tempat berkumpul, diskusi, dan kolaborasi game developer Indonesia.",ok
Gamelan,600,,2010-02-16T23:12:11+07:00,"Gamelan Jawa, Gamelan Bali, foreign groups, old footage from the 30's, or robots. Whatever man.",ok
GamerMobileIndonesia,56,,2022-03-19T01:18:22+07:00,Subreddit gamer mobile Indonesia,ok
GAMERS_ID,138,,2013-10-26T17:44:38+07:00,"This is an Indonesian steam community player group. This group is made for Indonesian only, so Indonesian player can have their own community. ",ok
gelapindonesia,322,,2022-01-07T20:18:00+07:00,sarang mutan dan kafe yang lebih remang dari sinar lilin pesugihan🤣,ok
giliislands,485,,2016-03-06T14:24:32+07:00,"The Gili Islands are a collection of three small islands, Gili Trawangan, Gili Meno and Gili Air make up each, they can be found just off the northwest coast of Lombok, Indonesia.
",ok
golang_id,28,,2020-11-12T00:39:52+07:00,Selamat datang di komunitas bahasa pemrograman Go Indonesia.,ok
GrabTranslation,200,,2019-07-11T20:26:31+07:00,Misleading Grab app translation.,ok
GudangGue,79,,2021-11-29T23:56:53+07:00,"This is storehouse of awesome! Feel free to use the lot~🤗
Remember : Always tag NSWF contents to [NSFW] tag and for worse than that use [spoiler] tag to posts. Any posts with flair will locked for comments, as soon as possible.",ok
hotindos,234,,2025-03-31T23:19:05+07:00,hot indo girls,ok
idiotdijalanan,1454,,2020-10-30T20:41:19+07:00,Kumpulan video dan foto kelakuan orang bodoh di jalanan Indonesia.,ok
indo,,,,,http_403
indoaachener,4,,2025-04-12T19:39:33+07:00,Subreddit for Indonesians in Aachen and its surrounding districts of Heinsberg and Düren,ok
indobiz,43,,2022-02-09T20:50:39+07:00,"Subreddit ini fokus pengembangan bisnis Indonesia. Kalian bisa berbagi pengalaman tips memulai bisnis/UMKM, perpajakan, struktur bisnis, tips produktivitas, manage karyawan, perpajakan, dll.",ok
indocartalk,6095,,2025-06-09T21:55:47+07:00,"Selamat datang di subreddit r/indocartalk, disini tempat para entusias mobil di Indonesia berkumpul dan membicarakan tentang mobil !",ok
IndoExMuslim,865,,2025-12-18T18:59:05+07:00,"This is a safe and supportive space for Indonesians who have left Islam or are exploring their beliefs. Here, you can share your experiences, discuss topics, offer criticism, make arguments, ask questions, and connect with others. We focus on learning, understanding, and caring for each other NOT on spreading hate toward Muslims. Everyone is welcome, whether you’re questioning, ex-Muslim, or just curious.",ok
indofemboy,2079,,2024-10-02T16:48:37+07:00,Tempat nongkrong para femboy dari seluruh daerah di indonesia (This is NOT NSFW Subreddit),ok
IndoFilms,2888,,2025-08-23T00:36:26+07:00,"Pusatnya ngomongin film dan TV Indo dalam dan luar negeri khusus untuk negaraku tercinta, Indonesia",ok
IndoFinance,738,,2016-12-19T09:27:39+07:00,"This subreddit has been retired. Please join our new community at r/finansial.
||
Subreddit ini sudah pensiun. Mari lanjutkan diskusi di r/finansial",ok
IndoFlicks,109,,2020-07-16T20:39:29+07:00,,ok
indogamer,13411,,2024-11-23T11:00:45+07:00,"Welcome to r/IndoGamer, a place for r/indonesia gamers to post, talk and discuss anything related to Gaming world.

Feel free to join our discord in:

https://discord.gg/8NRcESvKN",ok
IndoGamerPals,15,,2026-05-25T10:57:57+07:00,Tempat untuk Redditor Indonesia mencari teman bermain game.,ok
indogirls,,,,,http_404
indogonewild,,,,,http_451
indohallyu,22,,2025-02-17T17:33:12+07:00,Indonesian K-pop &amp; K-drama community,ok
indoindie,192,,2018-06-06T11:31:54+07:00,"This is a community for indie music lovers in indonesia. Post videos, news, music recommendations, general discussion about our indie music scene, even your band and project's promo.

Ini adalah komunitas untuk penikmat musik indie Indonesia. Silakan post video, berita, rekomendasi, berdiskusi tentang musik indie terbaru di indonesia, bahkan promosi band dan projectmu.",ok
IndoJAVHentaiNSFW,1473,,2026-05-19T16:23:59+07:00,like r/indowibu tapi isinya khusus NSFW stuff,ok
indoleaked,,,,,http_404
IndoLGBT,278,,2021-07-27T16:16:01+07:00,A safe space for Indonesian LGBTQ+ community! Discord: https://discord.gg/jRb4TSQQPF,ok
indolostmedia,4673,,2021-04-29T17:13:52+07:00,This subreddit is for discussing pieces of Indonesia lost media and the searches for them. ,ok
Indomototalk,71,,2025-08-21T21:02:17+07:00,"Selamat datang ke subreddit Indonesia seputar permotoran, disini para pegiat dan penggiat motor dapat berbagi sesama!",ok
indomusic,627,,2012-11-04T00:19:49+07:00,This subreddit is for Indonesian music.,ok
indonesia_gadis_AI,265,,2025-05-13T14:21:29+07:00,"Beautiful Indonesian girls, SAFE FOR WORK! ",ok
indonesiabebas,8495,,2025-07-01T09:54:31+07:00,"Buat bahas Indonesia, tapi bingung kemana? kesini aja. Cuma akal sehat jangan sampai kelupaan.",ok
indonesiacerah,,,,,http_404
indonesiaemas,,,,,http_404
IndonesiaExpats,149,,2024-07-26T12:32:56+07:00,"Welcome to IndonesiaExpats, your go-to community for expatriates living in or interested in exploring Indonesia! This is a place where expats from all corners of the globe can connect, share experiences, and offer advice on navigating life in this diverse and vibrant country.",ok
IndonesiaFunny,266,,2020-01-28T07:40:25+07:00,"Pada dasarnya Arabfunny tetapi untuk Bahasa Indonesia.
Basically Arabfunny but for Indonesian.",ok
indonesiagelap,2,,2025-02-23T01:32:06+07:00,Sisi Gelap Indonesia,ok
indonesiakaya,,,,,http_404
IndonesiaLiveScene,65,,2026-03-31T16:57:54+07:00,"A hub for all live music events in Indonesia.

From international concerts and festivals to underground gigs and local shows.

Share tour dates, ticket info, venue updates, and discover the Indonesian live music scene.",ok
IndonesiaMaju,68,,2023-10-06T13:56:46+07:00,Selamat datang di Indonesia Maju,ok
Indonesiamiskin,,,,,http_403
indonesian,15657,,2010-08-03T19:41:35+07:00,"A place for people who want to learn the Indonesian language (Bahasa Indonesia).
Posts not related to the Indonesian language will be deleted.
AI-generated posts will also be deleted.",ok
IndonesianCoffee,84,,2024-04-05T16:31:28+07:00,"Welcome to r/IndonesianCoffee! A community for sharing, discovering, and exploring the rich world of Indonesian coffee. Join our coffee journey!


~~~~~~~~


Selamat di r/IndonesianCoffee! Tempat pecinta kopi Indonesia berbagi, menemukan, dan mengeksplorasi ragam kopi Nusantara. Bergabunglah dengan perjalanan kopi kita!",ok
IndonesianExMuslim,388,,2022-07-21T19:41:50+07:00,ex muslim from Indonesia you can join here ,ok
indonesianfood,523,,2012-07-27T13:08:51+07:00,"A community dedicated to Indonesian food, drinks, and culinary culture. Share dishes, recipes, food experiences, street food, regional specialties, cooking, history, and everything related to Indonesian cuisine.",ok
IndonesianGIRLS,2147,,2014-04-19T02:21:51+07:00,Indonesian GIRLS,ok
IndonesianGirlsFap,,,,,http_404
indonesiangirlsonly,100868,,2018-11-23T15:48:14+07:00,IGO! You know what that means!,ok
Indonesianlord,24,,2024-04-06T22:24:00+07:00,,ok
IndonesianNSFW,,,,,http_404
Indonesianporn,548,,2023-07-14T04:37:27+07:00,,ok
indonesiansfw,,,,,http_404
Indonesianshemales,,,,,http_403
indonesiansingermany,1,,2024-02-28T02:28:46+07:00,,ok
indonesiapaspasan,57,,2023-07-24T21:45:07+07:00,,ok
IndonesiaPics,4376,,2014-11-10T02:03:42+07:00,"A subreddit dedicated to photos of beautiful Indonesia!

Member of the /r/NationalPhotoSubs network.",ok
Indonesias,196,,2020-07-30T07:50:15+07:00,Indonesia,ok
IndonesiaSwinger,,,,,http_404
indonesigirlonly,,,,,http_404
IndoNightLife,,,,,http_404
indoparenting,628,,2020-01-22T01:01:33+07:00,"Let's talk about the ups and downs of being a parent in Indonesia, from your pregnancy life, to finding the best deal for child supplies, insider info on schools or you just want to rant off your day",ok
Indopeopletwitter,32,,2023-09-05T16:26:27+07:00,japanese people twitter but indonese (i cant even speak indonese),ok
IndoRiders,891,,2025-08-27T14:49:01+07:00,"Join Indonesia’s riding hub! From scooters to sport and touring, this is the place to share your rides, routes, and stories. Meet fellow bikers, trade tips, and keep the spirit of two wheels alive.

Gabung ke pusat rider Indonesia! Dari skuter, sport, sampai touring, di sinilah tempat berbagi perjalanan, rute, dan cerita. Temui sesama biker, tukar tips, dan hidupkan semangat roda dua.",ok
indotech,37709,,2024-09-14T11:41:17+07:00,"Anything related to technology for r/indonesia citizens, from hardware, software, programming, gaming, tech news, AI, career advice, tutorial, events, bootcamp, tech memes etc.",ok
indotiktokhotties,,,,,http_404
indowibu,9770,,2021-05-11T08:34:28+07:00,"Sarana karantina bagi jiwa-jiwa tersesat.

Sabtu-Minggu adalah jatah buat post NSFW (post yang dimaksud akan menggunakan tag NSFW dan spoiler) jadi dimohon untuk berhati2 pada hari yang disebutkan. ",ok
itb,14,,2024-08-29T11:38:24+07:00,"Welcome to the Institut Teknologi Bandung subreddit! A place for students, alumni, and anyone interested in ITB to discuss and share information.",ok
ITBandung,59,,2021-12-17T18:28:17+07:00,"komunitas mahasiswa, fakultas/sekolah, serta jajaran staff Institut Teknologi Bandung untuk berdiskusi dan bertanya seputar ITB.",ok
Jabodetabek,2,,2024-11-23T20:19:04+07:00,"All about Jakarta, Bogor, Depok, Tangerang, Bekasi &amp; Others",ok
Jakarta,9666,,2010-01-05T17:59:28+07:00,"Welcome to r/Jakarta. A space to talk about life and culture in Jakarta, but above all, to engage in the age-old practice of venting about the traffic and pollution.",ok
JakartaDefaultism,40,,2023-03-22T13:13:18+07:00,People thinking Jakarta represents the whole country of Indonesia (it doesn't),ok
jalanjalan,24,,2023-12-31T16:46:53+07:00,,ok
Javanese,442,,2019-04-14T09:41:07+07:00,"Subreddit for Javanese language, Javanese people, and Javanese culture.",ok
jerman,159,,2025-10-07T18:57:36+07:00,buat diaspora indo di jerman,ok
jilboob,2175,,2024-02-29T23:01:52+07:00,"A catalogue of women's fashion style wearing Islamic jilbab (headscarf) but wearing tightly fitting or revealing clothes, intentionally exposing their body contours, especially their breasts area. Originated from Indonesia.",ok
jogja,226,,2013-08-24T12:41:58+07:00,"Everything you can do in yogyakarta. You may meet :
1. temples
2. local culinaries
3. beaches and shores
4. souvenirs
5. tourism villages
6. yogyakarta palace
7. mosques
8. hiking sites
9. event of the city
10. stories of the city
and many more... you can just add anything about yogyakarta here. Thanks for joining and have fun here :))",ok
jualbeliindonesia,33243,,2021-11-26T18:37:19+07:00,"A place for Indonesian redditors to connect for the purposes of buying and selling goods or services. 

⚠️MODERATORS will NOT take responsibility for SELLER-BUYER DISPUTES.⚠️
Check the sidebar (or About tab if you're on mobile) for rules.",ok
JudiSaham,12930,,2025-09-16T22:09:56+07:00,Tempat perkumpulan untuk para orang kecil penjudi pasar modal IDX Indonesia yang pasti kalah dan ga akan pernah untung.,ok
karir,2413,,2023-01-05T15:19:57+07:00,,ok
kendaraan,183,,2021-12-30T10:33:38+07:00,"Bahas kendaraan apa saja. Mau mobil, motor, pesawat, kapal, olahraga kendaraan, dkk.",ok
komododragons,966,,2013-11-15T17:44:49+07:00,Komodo dragons are awesome,ok
Kontol_Indo,,,,,http_451
kucing,4092,,2024-06-08T14:34:05+07:00,kuciiiiiiinggggggggggg,ok
kulineria,18229,,2020-06-12T14:57:35+07:00,"An Indonesian food culture community focused on cooking, eating experiences, food stories, and culinary exploration through an Indonesian lens.",ok
Lahelu,17,,2023-06-16T13:05:39+07:00,"Lahelu is a Meme website created by Vincoo, a YouTuber from Indonesia. Lahelu is inspired by Reddit. This Subreddit is inspired by Lahelu. Link to real website: Lahelu.com . I am inspire by Lahelu to make this subreddit Lahelu in Reddit",ok
libertarianindonesia,75,,2026-06-28T23:09:04+07:00,komunitas untuk orang indonesia membahas libertarianism,ok
lndonesia,26,,2023-04-02T20:51:14+07:00,"Selamat datang di subreddit kami! Welcome to our subreddit!

Please follow the rules and respect others.

Feel free to ask the moderators about anything!

Access most common threads in the sidebar or the About tab.",ok
Lombok,743,,2013-10-07T05:28:27+07:00,"The community hub for Lombok, Indonesia. A place for locals, expats, and travelers to connect. Discover the beauty of Lombok.",ok
MahastudentPlayground,6,,2020-05-08T08:00:57+07:00,Sub for me to try reddit mods features,ok
Makassar,40,,2019-01-28T13:55:29+07:00,Tempat diskusi anak makassar di reddit,ok
malang,209,,2011-06-23T19:41:42+07:00,"Malangkucecwara 
",ok
Manado,53,,2019-04-14T11:04:47+07:00,"A community for everything about the city of Manado, North Sulawesi, Indonesia.",ok
MapsWithHalfIndonesia,54,,2023-07-29T17:25:43+07:00,,ok
MapsWithoutIndonesia,502,,2017-08-08T08:35:30+07:00,Maps without Indonesia.,ok
mataram,1,,2026-07-03T20:11:21+07:00,"A community subreddit for Mataram City, West Nusa Tenggara.",ok
MBGIndonesia,78,,2026-03-13T20:47:35+07:00,This community is for sharing MBG news and information across Indonesia.,ok
Medan,142,,2011-10-12T22:03:16+07:00,"Everything about Medan - Culinary, travel, jobs, events, etc",ok
MedanID,48,,2014-09-27T15:34:45+07:00,"**Medan** *(Indonesian pronunciation: [meˈdan]; Indonesian: Kota Medan)* is the capital of the North Sumatra province in Indonesia. Located on the northern coast, Medan is the fourth largest city in Indonesia, The city is bordered by the Deli Serdang Regency to the east, south and west, and the Strait of Malacca to the north.- Wikipedia
If you interested visiting Medan, check [Wikitravel](http://wikitravel.org/en/Medan) ",ok
migoreng,188,,2013-01-13T17:47:11+07:00,"A subreddit to celebrate the god given gift that is Indomie Mi Goreng.

Indomie Mi goreng is an instant noodles product line made under the Indomie brand by the Indofood company, the world's largest instant noodle manufacturer, located in Indonesia. ",ok
MuseumInternetIndo,5,,2025-03-03T13:42:39+07:00,"Wadah/sarana untuk berbincang, berdiskusi, dan membahas bersama tentang Lost Media apa saja di Indonesia.

",ok
musikindonesia,40,,2021-03-01T13:52:22+07:00,Musik dari Indonesia,ok
MWIDI,31,,2022-07-16T14:05:04+07:00,Maps With Incorrectly Drawn Indonesia,ok
Nanggroe,13,,2025-09-04T16:07:16+07:00,"سبوه ميروٴمڤوق اوروٴڠ كء موديسكوسي دان موباݢي٢ چاليتر، حبا، بودايا، ڤوناجوه، ڤريويسات، موسيق، سيوجاره، دان كوهيدوڤن سيورو٢ بان سيݢوم اچيه۔

Komunitas untuk berdiskusi dan berbagi cerita, berita, budaya, kuliner, wisata, musik, sejarah, serta kehidupan sehari-hari di seluruh Aceh.

A community to discuss and share stories, news, culture, food, tourism, music, history, and daily life across Aceh.",ok
naughtynusantara,,,,,http_451
negriwakanda,507,,2023-04-29T20:19:19+07:00,"Indonesian memes, shitposts, and circlejerks dedicated sub",ok
Ngentot_Indo,,,,,http_404
ngeteh,1170,,2021-02-06T09:28:42+07:00,Tempatnya redditor Indonesia ngobrolin teh (Camellia sinensis) dan tisane/teh herbal,ok
NoPrabowo,120,,2014-05-23T00:36:37+07:00,This subreddit is a place for all of us who believe that people who have been accused of human rights violations and of using ethno-religious hate politics should never be President of Indonesia.,ok
NusaLembongan,193,,2023-08-31T08:07:54+07:00,"🌴 Welcome to r/NusaLembongan 🏝️

Are you ready to embark on a virtual journey to the tropical haven of Nusa Lembongan? This pristine island paradise, nestled in the heart of Indonesia, offers a slice of heaven for travelers seeking adventure, tranquility, and breathtaking beauty.

Whether you're a seasoned Nusa Lembongan enthusiast or a curious wanderer looking to discover the secrets of this island gem, you've come to the right place.",ok
Nusantara,91,,2012-05-12T12:21:17+07:00,"A place to talk about the region of Nusantara, made up of Indonesia, Malaysia, Brunei, East Timor, and Singapore.",ok
NusantaraRaya,404,,2021-06-14T15:40:53+07:00,"Tempat berdiskusi, berbagi dan berkarya segala hubungan hal yang bertemakan Nusantara! (Definisi lentur: Indonesia sebelum abad 19 dan awal  Abad 20)",ok
nyanfm,32,,2020-10-25T17:54:05+07:00,"Subreddit Nyan FM sebagai salah satu komunitas Anime, Manga dan Pop Kultur Jepang di Indonesia. Feel Free To Join",ok
OkeKawanGoblok,203,,2021-03-15T23:58:10+07:00,r/OkBuddyRetard dalam Bahasa Indonesia,ok
okkawanbodoh,47,,2021-04-24T17:02:58+07:00,OKBR but Indonesian,ok
OlympTradeIndonesia,110,,2020-07-07T16:29:25+07:00,"Link Akses Olymp Trade : https://rebrand.ly/OT_red-ID

Ini merupakan komunitas trader Olymp Trade yang berasal dari Indonesia. 
Disini kita akan saling berbagi ilmu dan motivasi, terutama bagi mereka yang ingin belajar cara bermain Olymp Trade atau belajar Olymp Trade pemula. Yuk gabung bersama kami, trader Olymp Trade Indonesia: www.facebook.com/groups/olymptrade",ok
ondonesia,768,,2023-10-22T22:00:54+07:00,"Are you tired of seeing political posts in r/indonesia?

Then this place is for you!",ok
OOOBTC_Indonesia,72,,2019-05-27T05:11:04+07:00,Komunitas OOOBTC Exchange Indonesia,ok
OrangIndo,272,,2016-03-22T18:29:53+07:00,When you see something and immediately think: only in Indonesia!,ok
orangutan,18173,,2013-12-10T00:04:24+07:00,Orangutans!!!,ok
padang,5,,2023-04-27T06:14:04+07:00,Selamat Datang di r/padang: Subreddit untuk Berbagi Informasi dan Diskusi tentang Kota Padang dan Sumatera Barat,ok
palembang,11,,2016-08-07T00:50:54+07:00,,ok
panendividen,1836,,2025-11-30T15:45:40+07:00,"Tempat terbuka untuk berdiskusi tentang aliran dividend investing di saham Indonesia.

US stock atau negara lain juga bisa sih, tapi dari sisi yield, growth, dan tax, masih kalah optimal dari saham Indonesia.",ok
pantattruk,416,,2021-02-12T16:41:53+07:00,Pantat truk,ok
Pasundan,10,,2023-12-08T13:58:49+07:00,"Wilujeng Sumping! This is a subreddit for discovering the people, language, and culture of Sunda! Sundanese and Sundanese Enthusiast are welcome here!",ok
PBI_Official,30,,2019-05-27T04:57:30+07:00,Komunitas Pemburu Bitcoin Indonesia (PBI),ok
pedulijiwaID,58,,2024-11-23T19:57:54+07:00,"Peduli Jiwa berperan sebagai wadah berbagi informasi, motivasi, dan sarana bersama kesehatan mental Indonesia. A hub for sharing information, motivation, and a shared place for any Indonesian mental health information and Indonesian mental wellness.",ok
pencaksilat,198,,2021-02-04T22:27:12+07:00,"In this community, we share our passion for Pencak Silat. Respect all humans, nature and other martial arts. Salamat datang!",ok
Pengangguran,529,,2020-10-19T11:15:26+07:00,"Subreddit untuk orang yang tidak atau belum bekerja.
Tempat berbagi cerita kehidupan sehari-hari dan tips bertahan hidup tanpa bekerja atau boleh juga berbagi lowongan kerja.",ok
perempuan,6079,,2020-03-12T16:55:23+07:00,"Welcome to r/Perempuan, a community for Indonesian Female Empowerment!
Please use user flair before commenting.",ok
PersibBandung,28,,2016-08-16T19:36:01+07:00,Persib Bandung on Reddit!,ok
pisang,93,,2020-03-20T12:31:47+07:00,pisang banana 香蕉 plátano केला موز কলা Банан バナナ banane,ok
place_indomie,15,,2022-04-02T13:42:51+07:00,,ok
PolitikIndo,84,,2023-04-28T00:56:48+07:00,Subreddit khusus politik Indonesia.,ok
prabowo,2,,2026-06-30T13:13:51+07:00,membahas kinerja prabowo selama jadi presiden,ok
pria,1954,,2024-06-08T23:50:50+07:00,"Welcome to r/pria! A safe space for Indonesian men to share, connect, and understand.",ok
PsikologiIndonesia,64,,2025-05-10T19:45:24+07:00,"r/PsikologiIndonesia – diskusi tentang tips, gangguan mental, dan ilmu psikologi. Temukan informasi, dukungan, dan pengetahuan seputar kesehatan mental 

",ok
r4rindonesia,2783,,2025-06-15T11:21:45+07:00,SFW-only IndoR4R subreddit - a place to meet redditors in Indonesia,ok
RajaAmpat,190,,2014-06-11T08:09:16+07:00,Discuss anything and everything about the Raja Ampat Islands of Indonesia.,ok
rakitpc,35,,2024-03-11T11:17:48+07:00,"Sub untuk review-tips-diskusi Rakit Desktop PC untuk User Indonesia.
sub sementara hiatus, udah ada indotech",ok
rezaauditore,,,,,http_451
RisetIndonesia,2115,,2021-04-10T09:40:47+07:00,"Komunitas ini adalah komunitas peneliti di Indonesia, gak terbatas pada topik tertentu saja. Silahkan join kalau: kamu berminat sama riset, pengen berdiskusi tentang riset, pengen cari peneliti lain yang seminatan sama kamu... bahkan, mau jadi jodoh pun kalau bisa nemu disini, silahkan join.    
    
This is a community for research in Indonesia, any topics as long as you're Indonesian researcher, researching Indonesia, or at least have any interest in research in Indonesia.",ok
S3Marketing,18,,2019-12-13T14:06:16+07:00,Strategi pemasaran jenius.,ok
sahamAS,1802,,2026-01-15T17:24:57+07:00,"Tempat diskusi untuk orang Indonesia yang investasi di saham dan options Amerika Serikat. Bahas US market apa adanya berdasarkan data, earnings, valuasi, macro, dan pengalaman nyata investor Indonesia",ok
salintempel,3174,,2022-01-29T23:14:01+07:00,A place to archive salintempel (the Indonesian word for copypasta). Don't forget to check the rules!,ok
Samarinda,22,,2024-09-19T00:53:04+07:00,"Samarinda is the capital city of the Indonesian province of East Kalimantan on the island of Borneo. 
This subreddit discuss the current affair that happens in Samarinda.",ok
SastraIndonesia,1,,2026-02-12T08:05:49+07:00,"setiap aksara adalah luka yang tersimpan, dan setiap bait adalah goresan takdir",ok
Sderhana,6,,2025-09-13T01:01:18+07:00,"Subreddit untuk membahas budgeting, investing dan taraf ekonomi secara general untuk kalangan menengah kebawah",ok
sehat,1970,,2022-03-26T11:36:36+07:00,The premier place for komodo dragons to discuss all things fitness and health! 🦎 -&gt; 🐉,ok
sejarah,111,,2020-11-06T13:41:24+07:00,Tempat membahas sejarah sebebas-bebasnya.,ok
sellerdongo,145,,2025-10-03T07:13:52+07:00,Tempat dimana seller dongo diexpose sampai tobat,ok
SepakBolaIndonesia,10,,2024-06-01T14:08:18+07:00,cerita sepak bola indonesia,ok
simulatorkeluarga,,,,,http_404
SiskaeeeXXX,,,,,http_404
smean,1532,,2023-10-07T00:03:10+07:00,"Found another ""sya boleh cium smean 10 dtik bsok pagi smean kerja"" reference on the internet?",ok
sobatgalbay,4,,2023-09-28T19:52:56+07:00,"Komunitas gagal bayar, mari share semua di sini!",ok
sudirmanbets,,,,,http_404
sudutpandangyaya,,,,,ok
Sulawesi,27,,2024-03-24T02:11:15+07:00,"Sulawesi /ˌsuːləˈweɪsi/ also known as Celebes /ˈsɛlɪbiːz, səˈliːbiːz/, is an island in Indonesia. One of the four Greater Sunda Islands, and the world's 11th-largest island, it is situated east of Borneo, west of the Maluku Islands, and south of Mindanao and the Sulu Archipelago. Within Indonesia, only Sumatra, Borneo, and Papua are larger in territory, and only Java and Sumatra have larger populations.",ok
sulawesishrimp,866,,2020-12-28T05:41:53+07:00,"This sub has a focus on the keeping, care, and breeding of shrimp from the Sulawesi region of Indonesia.",ok
sumatra,15,,2022-07-10T05:20:58+07:00,"Welcome to r/sumatra, for everything related to the island of Sumatra in Indonesia, including food, people, nature, travel, questions, culture and more.",ok
sumatratravel,24,,2024-02-19T20:42:39+07:00,"Your go-to place for everything you need to know about travelling the magical island of Sumatra, Indonesia. ",ok
Sunda,5,,2013-12-16T13:01:40+07:00,"Welcome to r/Sunda, where you can find the latest news or asking anything about Sunda",ok
surabaya,1165,,2011-06-23T19:52:40+07:00,Welcome to Surabaya,ok
Tempeh,5325,,2012-10-10T15:08:27+07:00,"Tempeh is a traditional soy product originally from Indonesia, and is especially popular on the island of Java, where it is a staple source of protein.",ok
the_bowo,32,,2018-10-12T11:20:25+07:00,"Satu Indonesia-nya, tetap 02 pilihannya!",ok
TheChurchOfIndomie,56,,2023-03-10T21:04:52+07:00,"Welcome, brothers and sisters, to the holy temple of Indomie. We are gathered here today to celebrate the glory of our favorite instant noodles, which have been blessing us with their delicious flavors since 1982.


Let us pray for those who have not yet tasted Indomie, that they may soon discover its wonders and join our fellowship. Let us share our love and gratitude for Indomie and spread the good news of its flavor to the world.


Ramen.",ok
tiktok_indonesia,235,,2024-01-09T09:13:26+07:00,Indonesian tiktok girls,ok
tiktokhotindo,1187,,2022-06-04T21:55:26+07:00,tiktok indo,ok
timpateks,4,,2025-08-20T00:22:50+07:00,kalo nimpa dipikir mas,ok
TodayILearnedID,124,,2026-04-04T12:24:35+07:00,"A place to share surprising, fascinating, or little known facts about Indonesia 🇮🇩.

  

From hidden history and local legends to food, culture, science, languages, and everyday life. Anything that you just discovered, bring it in. 

All posts must start with “TIL” (Today I Learned) to keep things clean and consistent.

Come learn something new about Indonesia every day.",ok
togeproductions,66,,2020-10-08T13:31:45+07:00,"Official Toge Productions subreddit community.
Toge Productions is an indie game development and publishing studio from Indonesia, known for creating and publishing indie games such as: Coffee Talk, Infectonator, When the Past was Around, Necronator, A Space For The Unbound",ok
TwitchIndonesia,207,,2020-12-28T15:37:06+07:00,Tongkrongan warga twitch Indonesia,ok
universitasindonesia,152,,2013-07-16T07:58:00+07:00,A subreddit for University of Indonesia students.,ok
UnivTerbuka,28,,2022-05-11T22:47:32+07:00,"The Open University (UT) is the 45th State University in Indonesia, that implements a distance and open learning system.",ok
UiDMod,36,,2020-02-10T19:00:55+07:00,"""Unity in Diversity"" is a semi-realistic Indonesia-centered HOI4 mod that explores the worst that can happen in after a Prabowo victory in the 2014 Presidential Elections.",ok
viruscovid19,36,,2020-02-28T05:50:18+07:00,informasi terkini tentang virus covid 19 di Indonesia,ok
westpapua,819,,2010-06-15T05:23:42+07:00,"The Subreddit for News and Talk about West Papua. 

Share everything you like (or don't like) about West Papua here. 

West Papua is a place where natural beauties meets natural landscapes. ",ok
whooshHSR,70,,2023-10-02T19:33:50+07:00,"Whoosh (Waktu Hemat, Operasi Optimal, Sistem Hebat, ""Timesaving, Optimal Operation, Excellent System"") is the brand name for high-speed train service in Indonesia.",ok
WkwkwkLand,53840,,2024-09-03T18:44:21+07:00,"Whatever stuff posted here take it with a grain of salt &amp; a spoonful of sambal. It's mostly satire, memes and shitposts, guys. Chill. ",ok
writestreakindonesian,222,,2021-07-03T08:52:33+07:00,"Writing everyday is key to learning Indonesian faster! Keep that streak up and see how fast you improve. If you're a native speaker, please help us out by correcting the posts. And if you want to practice writing in other languages, check out the other Writestreaks in the sidebar!

We even have a discount code with preply anyone can use  https://preply.com/en/?pref=MTEwOTg3OA==",ok
2indonesia4u,116,,2022-05-14T19:46:59+07:00,"Welcome to r/2indonesia4u a place where you can post sarcastic, ironic, and unironic post about the Maphilindo and it's main islands and regions",ok
3DPrintID,47,,2024-11-24T20:04:36+07:00,Tempat ngobrolin seputar 3D printing di Indonesia.,ok
